{
    "camera_1": {
        "intrinsics": {
            "image_size": {
                "x": 1028,
                "y": 752
            },
            "focal_length": 600.097448996,
            "principal_point": {
                "x": 514.893666635,
                "y": 378.926663669
            },
            "distortion": {
                "radial": {
                    "k1": -0.16072184916342044,
                    "k2": 0.11958188078110123,
                    "k3": -0.053360367475691027
                },
                "tangential": {
                    "p1": 0.00018533917262692146,
                    "p2": -0.00033313361832473847
                },
                "map": ""
            }
        },
        "extrinsics": {
            "pose": {
                "translation": {
                    "x": 0.11939143127280799,
                    "y": 0.000119956875724093,
                    "z": -0.06631415408309574
                },
                "rotation": {
                    "roll": 0,
                    "pitch": 0,
                    "yaw": 0
                }
            },
            "uncertainty": {
                "translation": {
                    "x": 0.001,
                    "y": 0.001,
                    "z": 0.001
                },
                "rotation": {
                    "roll": 1,
                    "pitch": 1,
                    "yaw": 1
                }
            }
        }
    },
    "camera_2": {
        "intrinsics": {
            "image_size": {
                "x": 1028,
                "y": 752
            },
            "focal_length": 598.201713388,
            "principal_point": {
                "x": 525.141304153,
                "y": 372.432126479
            },
            "distortion": {
                "radial": {
                    "k1": -0.17881552459334055,
                    "k2": 0.14317992721347039,
                    "k3": -0.07089902288508014
                },
                "tangential": {
                    "p1": 0.00021248694141644947,
                    "p2": -0.00017001874196385274
                },
                "map": ""
            }
        },
        "extrinsics": {
            "pose": {
                "translation": {
                    "x": 0.0,
                    "y": 0.0,
                    "z": 0.0
                },
                "rotation": {
                    "roll": 0,
                    "pitch": 0,
                    "yaw": 0
                }
            },
            "uncertainty": {
                "translation": {
                    "x": 0.001,
                    "y": 0.001,
                    "z": 0.001
                },
                "rotation": {
                    "roll": 1,
                    "pitch": 1,
                    "yaw": 1
                }
            }
        }
    },
    "camera_3": {
        "intrinsics": {
            "image_size": {
                "x": 1028,
                "y": 752
            },
            "focal_length": 599.099379675,
            "principal_point": {
                "x": 517.313802858,
                "y": 377.858978928
            },
            "distortion": {
                "radial": {
                    "k1": -0.16048593315115531,
                    "k2": 0.11832358455548109,
                    "k3": -0.05163514704508855
                },
                "tangential": {
                    "p1": -5.9346579328546531e-05,
                    "p2": 0.00044868790525266501
                },
                "map": ""
            }
        },
        "extrinsics": {
            "pose": {
                "translation": {
                    "x": -0.12079976632001282,
                    "y": -0.0002135935069822822,
                    "z": -0.061975339713916444
                },
                "rotation": {
                    "roll": 0,
                    "pitch": 0,
                    "yaw": 0
                }
            },
            "uncertainty": {
                "translation": {
                    "x": 0.001,
                    "y": 0.001,
                    "z": 0.001
                },
                "rotation": {
                    "roll": 1,
                    "pitch": 1,
                    "yaw": 1
                }
            }
        }
    }
}

